001.wav,4
002.wav,9
003.wav,0
004.wav,3
005.wav,7
006.wav,9
007.wav,0
008.wav,2
009.wav,9
010.wav,0
011.wav,1
012.wav,2
013.wav,5
014.wav,7
015.wav,8
016.wav,3
017.wav,2
018.wav,6
019.wav,9
020.wav,4
021.wav,6
022.wav,9
023.wav,6
024.wav,7
025.wav,0
026.wav,3
027.wav,9
028.wav,5
029.wav,8
030.wav,7
031.wav,7
032.wav,3
033.wav,6
034.wav,5
035.wav,3
036.wav,2
037.wav,7
038.wav,1
039.wav,3
040.wav,2
041.wav,5
042.wav,3
043.wav,9
044.wav,8
045.wav,6
046.wav,0
047.wav,2
048.wav,2
049.wav,6
050.wav,5
051.wav,3
052.wav,7
053.wav,5
054.wav,8
055.wav,2
056.wav,1
057.wav,4
058.wav,4
059.wav,0
060.wav,8
061.wav,1
062.wav,0
063.wav,6
064.wav,3
065.wav,4
066.wav,7
067.wav,9
068.wav,8
069.wav,1
070.wav,3
071.wav,1
072.wav,7
073.wav,9
074.wav,1
075.wav,1
076.wav,6
077.wav,5
078.wav,2
079.wav,1
080.wav,9
081.wav,3
082.wav,7
083.wav,8
084.wav,2
085.wav,7
086.wav,0
087.wav,9
088.wav,3
089.wav,0
090.wav,1
091.wav,3
092.wav,6
093.wav,2
094.wav,7
095.wav,3
096.wav,2
097.wav,5
098.wav,8
099.wav,9
100.wav,8
101.wav,8
102.wav,9
103.wav,2
104.wav,2
105.wav,5
106.wav,6
107.wav,1
108.wav,2
109.wav,1
110.wav,6
111.wav,8
112.wav,4
113.wav,5
114.wav,6
115.wav,4
116.wav,2
117.wav,5
118.wav,3
119.wav,5
120.wav,4
121.wav,0
122.wav,8
123.wav,7
124.wav,1
125.wav,3
126.wav,7
127.wav,5
128.wav,3
129.wav,8
130.wav,8
131.wav,4
132.wav,8
133.wav,9
134.wav,9
135.wav,0
136.wav,8
137.wav,0
138.wav,9
139.wav,1
140.wav,7
141.wav,0
142.wav,7
143.wav,9
144.wav,1
145.wav,2
146.wav,0
147.wav,5
148.wav,3
149.wav,0
150.wav,1
151.wav,5
152.wav,7
153.wav,5
154.wav,1
155.wav,5
156.wav,9
157.wav,4
158.wav,1
159.wav,6
160.wav,0
161.wav,6
162.wav,7
163.wav,4
164.wav,4
165.wav,4
166.wav,4
167.wav,0
168.wav,6
169.wav,4
170.wav,6
171.wav,0
172.wav,9
173.wav,1
174.wav,0
175.wav,4
176.wav,2
177.wav,7
178.wav,8
179.wav,4
180.wav,8
181.wav,2
182.wav,0
183.wav,4
184.wav,6
185.wav,9
186.wav,6
187.wav,2
188.wav,8
189.wav,5
190.wav,6
191.wav,5
192.wav,3
193.wav,7
194.wav,3
195.wav,8
196.wav,1
197.wav,6
198.wav,5
199.wav,4
200.wav,4
